Date,Description,Amount,Card
2026-06-01,GITHUB *OCTOCAT SAN FRANCISCO CA *4920,440.00,Visa *4920
2026-07-01,GITHUB *OCTOCAT SAN FRANCISCO CA *4920,440.00,Visa *4920
2026-08-01,GITHUB *OCTOCAT SAN FRANCISCO CA *4920,440.00,Visa *4920
2026-06-05,DATADOG INC MONTHLY CLOUD *4920,2400.00,Visa *4920
2026-07-05,DATADOG INC MONTHLY CLOUD *4920,2400.00,Visa *4920
2026-08-05,DATADOG INC MONTHLY CLOUD *4920,2400.00,Visa *4920
2026-06-10,SLACK TECHNOLOGIES INC SAN FRANCISCO *4920,576.00,Visa *4920
2026-07-10,SLACK TECHNOLOGIES INC SAN FRANCISCO *4920,576.00,Visa *4920
2026-08-10,SLACK TECHNOLOGIES INC SAN FRANCISCO *4920,576.00,Visa *4920
2026-06-15,AMAZON WEB SERVICES AWS.AMAZON.CO WA *4920,1850.00,Visa *4920
2026-07-15,AMAZON WEB SERVICES AWS.AMAZON.CO WA *4920,1850.00,Visa *4920
2026-08-15,AMAZON WEB SERVICES AWS.AMAZON.CO WA *4920,1850.00,Visa *4920
2026-06-18,FIGMA INC SUBSCRIPTION SAN FRANCISCO *4920,360.00,Visa *4920
2026-07-18,FIGMA INC SUBSCRIPTION SAN FRANCISCO *4920,360.00,Visa *4920
2026-08-18,FIGMA INC SUBSCRIPTION SAN FRANCISCO *4920,360.00,Visa *4920
2026-06-22,GOOGLE WORKSPACE GSUITE MOUNTAIN VIEW *4920,720.00,Visa *4920
2026-07-22,GOOGLE WORKSPACE GSUITE MOUNTAIN VIEW *4920,720.00,Visa *4920
2026-08-22,GOOGLE WORKSPACE GSUITE MOUNTAIN VIEW *4920,720.00,Visa *4920
2026-07-12,BLUE BOTTLE COFFEE SFO AIRPORT,8.50,Visa *4920
2026-08-02,OFFICE DEPOT STORE 4829,142.10,Visa *4920
2026-07-25,REFUND: DATADOG PROMO CREDIT,-150.00,Visa *4920
